,model_type,clf,parameters,train_time,test_time,accuracy,f1_score,precision,recall,auc,p_at_5,p_at_10,p_at_20,r_at_5,r_at_10,r_at_20
0,RF,"RandomForestClassifier(bootstrap=True, class_weight=None, criterion='gini',
            max_depth=50, max_features='log2', max_leaf_nodes=None,
            min_impurity_split=1e-07, min_samples_leaf=1,
            min_samples_split=10, min_weight_fraction_leaf=0.0,
            n_estimators=100, n_jobs=-1, oob_score=False,
            random_state=None, verbose=0, warm_start=False)","{'max_depth': 5, 'max_features': 'sqrt', 'min_samples_split': 2, 'n_estimators': 10}",0.6721079349517822,0.10738611221313477,0.9341866666666667,0.1934640522875817,0.5769980506822612,0.11621515508441303,0.5550034090874244,0.4421333333333333,0.32693333333333335,0.22106666666666666,0.32548095798979193,0.4813506085590891,0.6509619159795839
1,RF,"RandomForestClassifier(bootstrap=True, class_weight=None, criterion='gini',
            max_depth=50, max_features='log2', max_leaf_nodes=None,
            min_impurity_split=1e-07, min_samples_leaf=1,
            min_samples_split=10, min_weight_fraction_leaf=0.0,
            n_estimators=100, n_jobs=-1, oob_score=False,
            random_state=None, verbose=0, warm_start=False)","{'max_depth': 5, 'max_features': 'sqrt', 'min_samples_split': 2, 'n_estimators': 100}",5.2910778522491455,0.22780895233154297,0.93456,0.17429340511440108,0.6094117647058823,0.1016882606988614,0.5484695130061411,0.44266666666666665,0.3248,0.22266666666666668,0.325873576756969,0.47820965842167257,0.6556733411857086
2,RF,"RandomForestClassifier(bootstrap=True, class_weight=None, criterion='gini',
            max_depth=50, max_features='log2', max_leaf_nodes=None,
            min_impurity_split=1e-07, min_samples_leaf=1,
            min_samples_split=10, min_weight_fraction_leaf=0.0,
            n_estimators=100, n_jobs=-1, oob_score=False,
            random_state=None, verbose=0, warm_start=False)","{'max_depth': 5, 'max_features': 'sqrt', 'min_samples_split': 10, 'n_estimators': 10}",0.5342350006103516,0.10793304443359375,0.93456,0.2037637897469176,0.5869158878504673,0.12328229289360032,0.558479758296999,0.44693333333333335,0.3208,0.2212,0.32901452689438554,0.4723203769140165,0.6513545347467609
3,RF,"RandomForestClassifier(bootstrap=True, class_weight=None, criterion='gini',
            max_depth=50, max_features='log2', max_leaf_nodes=None,
            min_impurity_split=1e-07, min_samples_leaf=1,
            min_samples_split=10, min_weight_fraction_leaf=0.0,
            n_estimators=100, n_jobs=-1, oob_score=False,
            random_state=None, verbose=0, warm_start=False)","{'max_depth': 5, 'max_features': 'sqrt', 'min_samples_split': 10, 'n_estimators': 100}",5.182056903839111,0.22499370574951172,0.9344533333333334,0.1795727636849132,0.5991091314031181,0.10561444837063212,0.5502323379094599,0.44053333333333333,0.3237333333333333,0.22333333333333333,0.3243031016882607,0.4766391833529643,0.6576364350215941
4,RF,"RandomForestClassifier(bootstrap=True, class_weight=None, criterion='gini',
            max_depth=50, max_features='log2', max_leaf_nodes=None,
            min_impurity_split=1e-07, min_samples_leaf=1,
            min_samples_split=10, min_weight_fraction_leaf=0.0,
            n_estimators=100, n_jobs=-1, oob_score=False,
            random_state=None, verbose=0, warm_start=False)","{'max_depth': 5, 'max_features': 'log2', 'min_samples_split': 2, 'n_estimators': 10}",0.6512126922607422,0.10853004455566406,0.93296,0.07163958641063517,0.6024844720496895,0.038084020416175896,0.5181264950877835,0.44106666666666666,0.324,0.22133333333333333,0.32469572045543776,0.47703180212014135,0.651747153513938
5,RF,"RandomForestClassifier(bootstrap=True, class_weight=None, criterion='gini',
            max_depth=50, max_features='log2', max_leaf_nodes=None,
            min_impurity_split=1e-07, min_samples_leaf=1,
            min_samples_split=10, min_weight_fraction_leaf=0.0,
            n_estimators=100, n_jobs=-1, oob_score=False,
            random_state=None, verbose=0, warm_start=False)","{'max_depth': 5, 'max_features': 'log2', 'min_samples_split': 2, 'n_estimators': 100}",5.27016806602478,0.3254508972167969,0.9345866666666667,0.1760161236143769,0.6093023255813953,0.10286611700039262,0.5490298313093973,0.44426666666666664,0.3264,0.2228,0.3270514330585002,0.48056537102473496,0.6560659599528857
6,RF,"RandomForestClassifier(bootstrap=True, class_weight=None, criterion='gini',
            max_depth=50, max_features='log2', max_leaf_nodes=None,
            min_impurity_split=1e-07, min_samples_leaf=1,
            min_samples_split=10, min_weight_fraction_leaf=0.0,
            n_estimators=100, n_jobs=-1, oob_score=False,
            random_state=None, verbose=0, warm_start=False)","{'max_depth': 5, 'max_features': 'log2', 'min_samples_split': 10, 'n_estimators': 10}",0.6467177867889404,0.11009693145751953,0.93384,0.16717019133937563,0.5763888888888888,0.0977620730270907,0.546263235466425,0.44533333333333336,0.32053333333333334,0.2224,0.3278366705928543,0.4719277581468394,0.6548881036513545
7,RF,"RandomForestClassifier(bootstrap=True, class_weight=None, criterion='gini',
            max_depth=50, max_features='log2', max_leaf_nodes=None,
            min_impurity_split=1e-07, min_samples_leaf=1,
            min_samples_split=10, min_weight_fraction_leaf=0.0,
            n_estimators=100, n_jobs=-1, oob_score=False,
            random_state=None, verbose=0, warm_start=False)","{'max_depth': 5, 'max_features': 'log2', 'min_samples_split': 10, 'n_estimators': 100}",5.1796300411224365,0.2319047451019287,0.9347733333333333,0.15538674033149172,0.6446991404011462,0.08833922261484099,0.5423958007618307,0.44426666666666664,0.3237333333333333,0.22306666666666666,0.3270514330585002,0.4766391833529643,0.6568511974872399
8,RF,"RandomForestClassifier(bootstrap=True, class_weight=None, criterion='gini',
            max_depth=50, max_features='log2', max_leaf_nodes=None,
            min_impurity_split=1e-07, min_samples_leaf=1,
            min_samples_split=10, min_weight_fraction_leaf=0.0,
            n_estimators=100, n_jobs=-1, oob_score=False,
            random_state=None, verbose=0, warm_start=False)","{'max_depth': 50, 'max_features': 'sqrt', 'min_samples_split': 2, 'n_estimators': 10}",1.5843961238861084,0.1078338623046875,0.93008,0.2163777644949193,0.4530663329161452,0.14212799371809973,0.5648127451782213,0.3872,0.3389333333333333,0.2284,0.2850412249705536,0.49901845308205733,0.6725559481743227
9,RF,"RandomForestClassifier(bootstrap=True, class_weight=None, criterion='gini',
            max_depth=50, max_features='log2', max_leaf_nodes=None,
            min_impurity_split=1e-07, min_samples_leaf=1,
            min_samples_split=10, min_weight_fraction_leaf=0.0,
            n_estimators=100, n_jobs=-1, oob_score=False,
            random_state=None, verbose=0, warm_start=False)","{'max_depth': 50, 'max_features': 'sqrt', 'min_samples_split': 2, 'n_estimators': 100}",14.235851049423218,0.5363497734069824,0.9322933333333333,0.2445700684320143,0.504914004914005,0.16136631330977622,0.5749182723817213,0.4112,0.3008,0.2048,0.3027090694935218,0.44287396937573614,0.6030624263839811
10,RF,"RandomForestClassifier(bootstrap=True, class_weight=None, criterion='gini',
            max_depth=50, max_features='log2', max_leaf_nodes=None,
            min_impurity_split=1e-07, min_samples_leaf=1,
            min_samples_split=10, min_weight_fraction_leaf=0.0,
            n_estimators=100, n_jobs=-1, oob_score=False,
            random_state=None, verbose=0, warm_start=False)","{'max_depth': 50, 'max_features': 'sqrt', 'min_samples_split': 10, 'n_estimators': 10}",1.4850759506225586,0.10738205909729004,0.9316266666666667,0.24632569077013522,0.49005847953216375,0.16450726344719277,0.5760166849665226,0.3952,0.2890666666666667,0.19786666666666666,0.29093050647820967,0.42559874361994504,0.5826462504907735
11,RF,"RandomForestClassifier(bootstrap=True, class_weight=None, criterion='gini',
            max_depth=50, max_features='log2', max_leaf_nodes=None,
            min_impurity_split=1e-07, min_samples_leaf=1,
            min_samples_split=10, min_weight_fraction_leaf=0.0,
            n_estimators=100, n_jobs=-1, oob_score=False,
            random_state=None, verbose=0, warm_start=False)","{'max_depth': 50, 'max_features': 'sqrt', 'min_samples_split': 10, 'n_estimators': 100}",13.612427711486816,0.544288158416748,0.9336266666666667,0.2418519646664636,0.5394021739130435,0.15586965056929722,0.5730854561317862,0.4288,0.30533333333333335,0.20866666666666667,0.31566548881036516,0.44954848841774636,0.6144483706321162
12,RF,"RandomForestClassifier(bootstrap=True, class_weight=None, criterion='gini',
            max_depth=50, max_features='log2', max_leaf_nodes=None,
            min_impurity_split=1e-07, min_samples_leaf=1,
            min_samples_split=10, min_weight_fraction_leaf=0.0,
            n_estimators=100, n_jobs=-1, oob_score=False,
            random_state=None, verbose=0, warm_start=False)","{'max_depth': 50, 'max_features': 'log2', 'min_samples_split': 2, 'n_estimators': 10}",1.5885040760040283,0.10635900497436523,0.9316,0.2267108833283087,0.4883116883116883,0.14762465645857872,0.5681761882699153,0.3818666666666667,0.3317333333333333,0.22853333333333334,0.2811150372987829,0.4884177463682764,0.6729485669414998
13,RF,"RandomForestClassifier(bootstrap=True, class_weight=None, criterion='gini',
            max_depth=50, max_features='log2', max_leaf_nodes=None,
            min_impurity_split=1e-07, min_samples_leaf=1,
            min_samples_split=10, min_weight_fraction_leaf=0.0,
            n_estimators=100, n_jobs=-1, oob_score=False,
            random_state=None, verbose=0, warm_start=False)","{'max_depth': 50, 'max_features': 'log2', 'min_samples_split': 2, 'n_estimators': 100}",14.761967897415161,0.7401831150054932,0.93232,0.24374255065554232,0.5055624227441285,0.16058107577542208,0.5745685683858084,0.41333333333333333,0.29893333333333333,0.2044,0.30427954456223005,0.44012563800549664,0.6018845700824499
14,RF,"RandomForestClassifier(bootstrap=True, class_weight=None, criterion='gini',
            max_depth=50, max_features='log2', max_leaf_nodes=None,
            min_impurity_split=1e-07, min_samples_leaf=1,
            min_samples_split=10, min_weight_fraction_leaf=0.0,
            n_estimators=100, n_jobs=-1, oob_score=False,
            random_state=None, verbose=0, warm_start=False)","{'max_depth': 50, 'max_features': 'log2', 'min_samples_split': 10, 'n_estimators': 10}",1.6025919914245605,0.11083221435546875,0.9330933333333333,0.25393993458221825,0.5232843137254902,0.16764821358460935,0.5782594914517045,0.4,0.29013333333333335,0.19653333333333334,0.2944640753828033,0.4271692186886533,0.5787200628190028
15,RF,"RandomForestClassifier(bootstrap=True, class_weight=None, criterion='gini',
            max_depth=50, max_features='log2', max_leaf_nodes=None,
            min_impurity_split=1e-07, min_samples_leaf=1,
            min_samples_split=10, min_weight_fraction_leaf=0.0,
            n_estimators=100, n_jobs=-1, oob_score=False,
            random_state=None, verbose=0, warm_start=False)","{'max_depth': 50, 'max_features': 'log2', 'min_samples_split': 10, 'n_estimators': 100}",14.202595710754395,0.5487000942230225,0.9334933333333333,0.24561403508771928,0.5349143610013175,0.15940321947389086,0.5746519716515164,0.4272,0.3056,0.21,0.31448763250883394,0.4499411071849234,0.6183745583038869
16,LR,"LogisticRegression(C=10, class_weight=None, dual=False, fit_intercept=True,
          intercept_scaling=1, max_iter=100, multi_class='ovr', n_jobs=1,
          penalty='l2', random_state=None, solver='liblinear', tol=0.0001,
          verbose=0, warm_start=False)","{'C': 1e-05, 'penalty': 'l1'}",0.3066220283508301,0.010394096374511719,0.93208,0.0,0.0,0.0,0.5,0.11306666666666666,0.11733333333333333,0.11093333333333333,0.08323517864153906,0.17275225755791127,0.32665881429132315
17,LR,"LogisticRegression(C=10, class_weight=None, dual=False, fit_intercept=True,
          intercept_scaling=1, max_iter=100, multi_class='ovr', n_jobs=1,
          penalty='l2', random_state=None, solver='liblinear', tol=0.0001,
          verbose=0, warm_start=False)","{'C': 1e-05, 'penalty': 'l2'}",0.44442296028137207,0.0029401779174804688,0.9321066666666666,0.018504240555127217,0.5106382978723404,0.009422850412249705,0.5043824119597654,0.12853333333333333,0.12746666666666667,0.116,0.09462112288967413,0.18767177071063998,0.3415783274440518
18,LR,"LogisticRegression(C=10, class_weight=None, dual=False, fit_intercept=True,
          intercept_scaling=1, max_iter=100, multi_class='ovr', n_jobs=1,
          penalty='l2', random_state=None, solver='liblinear', tol=0.0001,
          verbose=0, warm_start=False)","{'C': 0.001, 'penalty': 'l1'}",0.31472110748291016,0.006551027297973633,0.9322133333333333,0.022307692307692306,0.5471698113207547,0.011385944248135061,0.5053496539539534,0.13066666666666665,0.1272,0.1156,0.0961915979583824,0.1872791519434629,0.3404004711425206
19,LR,"LogisticRegression(C=10, class_weight=None, dual=False, fit_intercept=True,
          intercept_scaling=1, max_iter=100, multi_class='ovr', n_jobs=1,
          penalty='l2', random_state=None, solver='liblinear', tol=0.0001,
          verbose=0, warm_start=False)","{'C': 0.001, 'penalty': 'l2'}",0.4223959445953369,0.0028030872344970703,0.9322933333333333,0.024587014982712253,0.5714285714285714,0.012563800549666274,0.505938582104719,0.1312,0.12746666666666667,0.1156,0.09658421672555949,0.18767177071063998,0.3404004711425206
20,LR,"LogisticRegression(C=10, class_weight=None, dual=False, fit_intercept=True,
          intercept_scaling=1, max_iter=100, multi_class='ovr', n_jobs=1,
          penalty='l2', random_state=None, solver='liblinear', tol=0.0001,
          verbose=0, warm_start=False)","{'C': 0.1, 'penalty': 'l1'}",0.4747903347015381,0.003713846206665039,0.9324,0.02836335760827903,0.5967741935483871,0.014526894385551629,0.5069058240989069,0.1392,0.1304,0.11786666666666666,0.10247349823321555,0.19199057714958775,0.3470749901845308
21,LR,"LogisticRegression(C=10, class_weight=None, dual=False, fit_intercept=True,
          intercept_scaling=1, max_iter=100, multi_class='ovr', n_jobs=1,
          penalty='l2', random_state=None, solver='liblinear', tol=0.0001,
          verbose=0, warm_start=False)","{'C': 0.1, 'penalty': 'l2'}",0.4813668727874756,0.002645254135131836,0.9322933333333333,0.024587014982712253,0.5714285714285714,0.012563800549666274,0.505938582104719,0.1312,0.12746666666666667,0.1156,0.09658421672555949,0.18767177071063998,0.3404004711425206
22,LR,"LogisticRegression(C=10, class_weight=None, dual=False, fit_intercept=True,
          intercept_scaling=1, max_iter=100, multi_class='ovr', n_jobs=1,
          penalty='l2', random_state=None, solver='liblinear', tol=0.0001,
          verbose=0, warm_start=False)","{'C': 1, 'penalty': 'l1'}",0.8090550899505615,0.003551959991455078,0.9324,0.02836335760827903,0.5967741935483871,0.014526894385551629,0.5069058240989069,0.13973333333333332,0.13066666666666665,0.11773333333333333,0.10286611700039262,0.1923831959167648,0.34668237141735375
23,LR,"LogisticRegression(C=10, class_weight=None, dual=False, fit_intercept=True,
          intercept_scaling=1, max_iter=100, multi_class='ovr', n_jobs=1,
          penalty='l2', random_state=None, solver='liblinear', tol=0.0001,
          verbose=0, warm_start=False)","{'C': 1, 'penalty': 'l2'}",0.4653499126434326,0.002686023712158203,0.9322933333333333,0.024587014982712253,0.5714285714285714,0.012563800549666274,0.505938582104719,0.1312,0.12746666666666667,0.1156,0.09658421672555949,0.18767177071063998,0.3404004711425206
24,LR,"LogisticRegression(C=10, class_weight=None, dual=False, fit_intercept=True,
          intercept_scaling=1, max_iter=100, multi_class='ovr', n_jobs=1,
          penalty='l2', random_state=None, solver='liblinear', tol=0.0001,
          verbose=0, warm_start=False)","{'C': 10, 'penalty': 'l1'}",0.36780691146850586,0.0027608871459960938,0.9324,0.02836335760827903,0.5967741935483871,0.014526894385551629,0.5069058240989069,0.1392,0.1304,0.11786666666666666,0.10247349823321555,0.19199057714958775,0.3470749901845308
25,LR,"LogisticRegression(C=10, class_weight=None, dual=False, fit_intercept=True,
          intercept_scaling=1, max_iter=100, multi_class='ovr', n_jobs=1,
          penalty='l2', random_state=None, solver='liblinear', tol=0.0001,
          verbose=0, warm_start=False)","{'C': 10, 'penalty': 'l2'}",0.4193229675292969,0.002979755401611328,0.9322933333333333,0.024587014982712253,0.5714285714285714,0.012563800549666274,0.505938582104719,0.1312,0.12746666666666667,0.1156,0.09658421672555949,0.18767177071063998,0.3404004711425206
26,DT,"DecisionTreeClassifier(class_weight=None, criterion='entropy', max_depth=100,
            max_features='log2', max_leaf_nodes=None,
            min_impurity_split=1e-07, min_samples_leaf=1,
            min_samples_split=10, min_weight_fraction_leaf=0.0,
            presort=False, random_state=None, splitter='best')","{'criterion': 'gini', 'max_depth': 1, 'max_features': 'sqrt', 'min_samples_split': 2}",0.05542278289794922,0.0018889904022216797,0.93208,0.0,0.0,0.0,0.5,0.7594666666666666,0.3797333333333333,0.256,0.5590891244601492,0.5590891244601492,0.7538280329799765
27,DT,"DecisionTreeClassifier(class_weight=None, criterion='entropy', max_depth=100,
            max_features='log2', max_leaf_nodes=None,
            min_impurity_split=1e-07, min_samples_leaf=1,
            min_samples_split=10, min_weight_fraction_leaf=0.0,
            presort=False, random_state=None, splitter='best')","{'criterion': 'gini', 'max_depth': 1, 'max_features': 'sqrt', 'min_samples_split': 5}",0.04513812065124512,0.0025959014892578125,0.93208,0.0,0.0,0.0,0.5,1.0,0.5290666666666667,0.26453333333333334,0.7361601884570083,0.778955634079309,0.778955634079309
28,DT,"DecisionTreeClassifier(class_weight=None, criterion='entropy', max_depth=100,
            max_features='log2', max_leaf_nodes=None,
            min_impurity_split=1e-07, min_samples_leaf=1,
            min_samples_split=10, min_weight_fraction_leaf=0.0,
            presort=False, random_state=None, splitter='best')","{'criterion': 'gini', 'max_depth': 1, 'max_features': 'sqrt', 'min_samples_split': 10}",0.1570751667022705,0.00426793098449707,0.93208,0.0,0.0,0.0,0.5,0.464,0.6725333333333333,0.3396,0.3415783274440518,0.9901845308205732,1.0
29,DT,"DecisionTreeClassifier(class_weight=None, criterion='entropy', max_depth=100,
            max_features='log2', max_leaf_nodes=None,
            min_impurity_split=1e-07, min_samples_leaf=1,
            min_samples_split=10, min_weight_fraction_leaf=0.0,
            presort=False, random_state=None, splitter='best')","{'criterion': 'gini', 'max_depth': 1, 'max_features': 'log2', 'min_samples_split': 2}",0.05802297592163086,0.003444194793701172,0.93208,0.0,0.0,0.0,0.5,0.7594666666666666,0.3797333333333333,0.256,0.5590891244601492,0.5590891244601492,0.7538280329799765
30,DT,"DecisionTreeClassifier(class_weight=None, criterion='entropy', max_depth=100,
            max_features='log2', max_leaf_nodes=None,
            min_impurity_split=1e-07, min_samples_leaf=1,
            min_samples_split=10, min_weight_fraction_leaf=0.0,
            presort=False, random_state=None, splitter='best')","{'criterion': 'gini', 'max_depth': 1, 'max_features': 'log2', 'min_samples_split': 5}",0.02589893341064453,0.0022339820861816406,0.93208,0.0,0.0,0.0,0.5,0.464,0.6725333333333333,0.3396,0.3415783274440518,0.9901845308205732,1.0
31,DT,"DecisionTreeClassifier(class_weight=None, criterion='entropy', max_depth=100,
            max_features='log2', max_leaf_nodes=None,
            min_impurity_split=1e-07, min_samples_leaf=1,
            min_samples_split=10, min_weight_fraction_leaf=0.0,
            presort=False, random_state=None, splitter='best')","{'criterion': 'gini', 'max_depth': 1, 'max_features': 'log2', 'min_samples_split': 10}",0.03708004951477051,0.0022339820861816406,0.93208,0.0,0.0,0.0,0.5,0.464,0.6725333333333333,0.3396,0.3415783274440518,0.9901845308205732,1.0
32,DT,"DecisionTreeClassifier(class_weight=None, criterion='entropy', max_depth=100,
            max_features='log2', max_leaf_nodes=None,
            min_impurity_split=1e-07, min_samples_leaf=1,
            min_samples_split=10, min_weight_fraction_leaf=0.0,
            presort=False, random_state=None, splitter='best')","{'criterion': 'gini', 'max_depth': 5, 'max_features': 'sqrt', 'min_samples_split': 2}",0.2988889217376709,0.003743886947631836,0.9326666666666666,0.033677765021048606,0.6666666666666666,0.017275225755791126,0.5083229045552909,0.456,0.37466666666666665,0.23226666666666668,0.33568904593639576,0.5516293678837848,0.6839418924224578
33,DT,"DecisionTreeClassifier(class_weight=None, criterion='entropy', max_depth=100,
            max_features='log2', max_leaf_nodes=None,
            min_impurity_split=1e-07, min_samples_leaf=1,
            min_samples_split=10, min_weight_fraction_leaf=0.0,
            presort=False, random_state=None, splitter='best')","{'criterion': 'gini', 'max_depth': 5, 'max_features': 'sqrt', 'min_samples_split': 5}",0.2770850658416748,0.004124879837036133,0.9342666666666667,0.21721181327405528,0.5681063122923588,0.13427561837455831,0.5634185290110425,0.44533333333333336,0.3293333333333333,0.23653333333333335,0.3278366705928543,0.4848841774636828,0.6965056929721241
34,DT,"DecisionTreeClassifier(class_weight=None, criterion='entropy', max_depth=100,
            max_features='log2', max_leaf_nodes=None,
            min_impurity_split=1e-07, min_samples_leaf=1,
            min_samples_split=10, min_weight_fraction_leaf=0.0,
            presort=False, random_state=None, splitter='best')","{'criterion': 'gini', 'max_depth': 5, 'max_features': 'sqrt', 'min_samples_split': 10}",0.12958312034606934,0.003928661346435547,0.93376,0.22857142857142854,0.5468053491827637,0.14448370632116214,0.5678788514153804,0.45226666666666665,0.3176,0.22733333333333333,0.33294071456615626,0.46760895170789163,0.6694149980369062
35,DT,"DecisionTreeClassifier(class_weight=None, criterion='entropy', max_depth=100,
            max_features='log2', max_leaf_nodes=None,
            min_impurity_split=1e-07, min_samples_leaf=1,
            min_samples_split=10, min_weight_fraction_leaf=0.0,
            presort=False, random_state=None, splitter='best')","{'criterion': 'gini', 'max_depth': 5, 'max_features': 'log2', 'min_samples_split': 2}",0.14389777183532715,0.0036749839782714844,0.9335466666666666,0.18080210387902695,0.5555555555555556,0.10797016097369454,0.5508379972608008,0.4544,0.3293333333333333,0.20413333333333333,0.33451118963486454,0.4848841774636828,0.6010993325480958
36,DT,"DecisionTreeClassifier(class_weight=None, criterion='entropy', max_depth=100,
            max_features='log2', max_leaf_nodes=None,
            min_impurity_split=1e-07, min_samples_leaf=1,
            min_samples_split=10, min_weight_fraction_leaf=0.0,
            presort=False, random_state=None, splitter='best')","{'criterion': 'gini', 'max_depth': 5, 'max_features': 'log2', 'min_samples_split': 5}",0.13502788543701172,0.003526926040649414,0.93248,0.030627871362940273,0.6153846153846154,0.015704750687082842,0.5074947522496726,0.45066666666666666,0.30293333333333333,0.21586666666666668,0.33176285826462504,0.44601491951315275,0.6356497840596781
37,DT,"DecisionTreeClassifier(class_weight=None, criterion='entropy', max_depth=100,
            max_features='log2', max_leaf_nodes=None,
            min_impurity_split=1e-07, min_samples_leaf=1,
            min_samples_split=10, min_weight_fraction_leaf=0.0,
            presort=False, random_state=None, splitter='best')","{'criterion': 'gini', 'max_depth': 5, 'max_features': 'log2', 'min_samples_split': 10}",0.17986202239990234,0.0034508705139160156,0.93448,0.19204209141729695,0.5910931174089069,0.11464468001570476,0.5544327454093916,0.4512,0.4026666666666667,0.24253333333333332,0.3321554770318021,0.5928543384373773,0.7141735374950923
38,DT,"DecisionTreeClassifier(class_weight=None, criterion='entropy', max_depth=100,
            max_features='log2', max_leaf_nodes=None,
            min_impurity_split=1e-07, min_samples_leaf=1,
            min_samples_split=10, min_weight_fraction_leaf=0.0,
            presort=False, random_state=None, splitter='best')","{'criterion': 'gini', 'max_depth': 10, 'max_features': 'sqrt', 'min_samples_split': 2}",0.26795291900634766,0.005839109420776367,0.93192,0.24445102101213378,0.4963942307692308,0.16215155084413035,0.5750820123688223,0.4224,0.3184,0.2112,0.31095406360424027,0.46878680800942285,0.6219081272084805
39,DT,"DecisionTreeClassifier(class_weight=None, criterion='entropy', max_depth=100,
            max_features='log2', max_leaf_nodes=None,
            min_impurity_split=1e-07, min_samples_leaf=1,
            min_samples_split=10, min_weight_fraction_leaf=0.0,
            presort=False, random_state=None, splitter='best')","{'criterion': 'gini', 'max_depth': 10, 'max_features': 'sqrt', 'min_samples_split': 5}",0.2634148597717285,0.006317138671875,0.9316,0.22012769838856797,0.48787061994609165,0.14212799371809973,0.5656281258322424,0.4357333333333333,0.3032,0.214,0.32076953278366704,0.4464075382803298,0.6301531213191991
40,DT,"DecisionTreeClassifier(class_weight=None, criterion='entropy', max_depth=100,
            max_features='log2', max_leaf_nodes=None,
            min_impurity_split=1e-07, min_samples_leaf=1,
            min_samples_split=10, min_weight_fraction_leaf=0.0,
            presort=False, random_state=None, splitter='best')","{'criterion': 'gini', 'max_depth': 10, 'max_features': 'sqrt', 'min_samples_split': 10}",0.2612190246582031,0.007277011871337891,0.932,0.23652694610778444,0.49810844892812106,0.15508441303494308,0.5718488468630785,0.42346666666666666,0.328,0.2176,0.31173930113859444,0.4829210836277974,0.64075382803298
41,DT,"DecisionTreeClassifier(class_weight=None, criterion='entropy', max_depth=100,
            max_features='log2', max_leaf_nodes=None,
            min_impurity_split=1e-07, min_samples_leaf=1,
            min_samples_split=10, min_weight_fraction_leaf=0.0,
            presort=False, random_state=None, splitter='best')","{'criterion': 'gini', 'max_depth': 10, 'max_features': 'log2', 'min_samples_split': 2}",0.3607158660888672,0.005557060241699219,0.93312,0.21820448877805482,0.529500756429652,0.13741656851197487,0.5642594529682582,0.43306666666666666,0.32,0.22293333333333334,0.3188064389477817,0.4711425206124853,0.6564585787200629
42,DT,"DecisionTreeClassifier(class_weight=None, criterion='entropy', max_depth=100,
            max_features='log2', max_leaf_nodes=None,
            min_impurity_split=1e-07, min_samples_leaf=1,
            min_samples_split=10, min_weight_fraction_leaf=0.0,
            presort=False, random_state=None, splitter='best')","{'criterion': 'gini', 'max_depth': 10, 'max_features': 'log2', 'min_samples_split': 5}",0.3263981342315674,0.0050868988037109375,0.9326133333333333,0.2508152979543433,0.5121065375302664,0.16607773851590105,0.5772739849847838,0.4341333333333333,0.30746666666666667,0.21466666666666667,0.3195916764821358,0.4526894385551629,0.6321162151550844
43,DT,"DecisionTreeClassifier(class_weight=None, criterion='entropy', max_depth=100,
            max_features='log2', max_leaf_nodes=None,
            min_impurity_split=1e-07, min_samples_leaf=1,
            min_samples_split=10, min_weight_fraction_leaf=0.0,
            presort=False, random_state=None, splitter='best')","{'criterion': 'gini', 'max_depth': 10, 'max_features': 'log2', 'min_samples_split': 10}",0.2526521682739258,0.0050449371337890625,0.93184,0.22872661436330718,0.4941329856584094,0.14880251276010995,0.5688509459632095,0.42293333333333333,0.3370666666666667,0.2188,0.3113466823714173,0.49627012171181784,0.6442873969375736
44,DT,"DecisionTreeClassifier(class_weight=None, criterion='entropy', max_depth=100,
            max_features='log2', max_leaf_nodes=None,
            min_impurity_split=1e-07, min_samples_leaf=1,
            min_samples_split=10, min_weight_fraction_leaf=0.0,
            presort=False, random_state=None, splitter='best')","{'criterion': 'gini', 'max_depth': 20, 'max_features': 'sqrt', 'min_samples_split': 2}",0.43442797660827637,0.010640144348144531,0.9101066666666666,0.22913331808826892,0.27437020810514784,0.1967020023557126,0.5793969772028041,0.27786666666666665,0.22053333333333333,0.15186666666666668,0.20455437769925403,0.32469572045543776,0.4471927758146839
45,DT,"DecisionTreeClassifier(class_weight=None, criterion='entropy', max_depth=100,
            max_features='log2', max_leaf_nodes=None,
            min_impurity_split=1e-07, min_samples_leaf=1,
            min_samples_split=10, min_weight_fraction_leaf=0.0,
            presort=False, random_state=None, splitter='best')","{'criterion': 'gini', 'max_depth': 20, 'max_features': 'sqrt', 'min_samples_split': 5}",0.4414830207824707,0.010325908660888672,0.91768,0.2334243853985597,0.31756756756756754,0.1845308205732234,0.5778174372943078,0.2981333333333333,0.24586666666666668,0.16533333333333333,0.2194738908519827,0.3619945033372595,0.4868472712995681
46,DT,"DecisionTreeClassifier(class_weight=None, criterion='entropy', max_depth=100,
            max_features='log2', max_leaf_nodes=None,
            min_impurity_split=1e-07, min_samples_leaf=1,
            min_samples_split=10, min_weight_fraction_leaf=0.0,
            presort=False, random_state=None, splitter='best')","{'criterion': 'gini', 'max_depth': 20, 'max_features': 'sqrt', 'min_samples_split': 10}",0.3700070381164551,0.008602142333984375,0.9218133333333334,0.24974411463664276,0.3585598824393828,0.19159795838241067,0.5833107807533029,0.3290666666666667,0.2536,0.18786666666666665,0.24224577934825284,0.37338044758539457,0.5531998429524931
47,DT,"DecisionTreeClassifier(class_weight=None, criterion='entropy', max_depth=100,
            max_features='log2', max_leaf_nodes=None,
            min_impurity_split=1e-07, min_samples_leaf=1,
            min_samples_split=10, min_weight_fraction_leaf=0.0,
            presort=False, random_state=None, splitter='best')","{'criterion': 'gini', 'max_depth': 20, 'max_features': 'log2', 'min_samples_split': 2}",0.3644139766693115,0.01019597053527832,0.9138666666666667,0.22801147227533458,0.29138668295662795,0.1872791519434629,0.577045864416214,0.30133333333333334,0.23653333333333335,0.15933333333333333,0.22182960345504515,0.34825284648606203,0.4691794267765999
48,DT,"DecisionTreeClassifier(class_weight=None, criterion='entropy', max_depth=100,
            max_features='log2', max_leaf_nodes=None,
            min_impurity_split=1e-07, min_samples_leaf=1,
            min_samples_split=10, min_weight_fraction_leaf=0.0,
            presort=False, random_state=None, splitter='best')","{'criterion': 'gini', 'max_depth': 20, 'max_features': 'log2', 'min_samples_split': 5}",0.3442418575286865,0.009109020233154297,0.9166133333333333,0.2288532675709001,0.3076923076923077,0.18217510797016098,0.5761532135851148,0.2912,0.23973333333333333,0.16946666666666665,0.2143698468786808,0.35296427169218686,0.49901845308205733
49,DT,"DecisionTreeClassifier(class_weight=None, criterion='entropy', max_depth=100,
            max_features='log2', max_leaf_nodes=None,
            min_impurity_split=1e-07, min_samples_leaf=1,
            min_samples_split=10, min_weight_fraction_leaf=0.0,
            presort=False, random_state=None, splitter='best')","{'criterion': 'gini', 'max_depth': 20, 'max_features': 'log2', 'min_samples_split': 10}",0.31606078147888184,0.009757757186889648,0.9195466666666666,0.2429109159347553,0.33657858136300417,0.1900274833137024,0.5813668443948136,0.3178666666666667,0.24933333333333332,0.1764,0.23400078523753434,0.36709854731056146,0.519434628975265
50,DT,"DecisionTreeClassifier(class_weight=None, criterion='entropy', max_depth=100,
            max_features='log2', max_leaf_nodes=None,
            min_impurity_split=1e-07, min_samples_leaf=1,
            min_samples_split=10, min_weight_fraction_leaf=0.0,
            presort=False, random_state=None, splitter='best')","{'criterion': 'gini', 'max_depth': 50, 'max_features': 'sqrt', 'min_samples_split': 2}",0.37148475646972656,0.011858940124511719,0.89408,0.2281383598911776,0.22585609849942284,0.2304672163329407,0.5864521015719004,0.31306666666666666,0.4498666666666667,0.3396,0.2304672163329407,0.6623478602277189,1.0
51,DT,"DecisionTreeClassifier(class_weight=None, criterion='entropy', max_depth=100,
            max_features='log2', max_leaf_nodes=None,
            min_impurity_split=1e-07, min_samples_leaf=1,
            min_samples_split=10, min_weight_fraction_leaf=0.0,
            presort=False, random_state=None, splitter='best')","{'criterion': 'gini', 'max_depth': 50, 'max_features': 'sqrt', 'min_samples_split': 5}",0.3501272201538086,0.012372970581054688,0.9054666666666666,0.2426831873531297,0.2661668228678538,0.22300745975657638,0.5891022192783396,0.30293333333333333,0.22346666666666667,0.3396,0.22300745975657638,0.32901452689438554,1.0
52,DT,"DecisionTreeClassifier(class_weight=None, criterion='entropy', max_depth=100,
            max_features='log2', max_leaf_nodes=None,
            min_impurity_split=1e-07, min_samples_leaf=1,
            min_samples_split=10, min_weight_fraction_leaf=0.0,
            presort=False, random_state=None, splitter='best')","{'criterion': 'gini', 'max_depth': 50, 'max_features': 'sqrt', 'min_samples_split': 10}",0.3364908695220947,0.010533809661865234,0.90976,0.23749436683190625,0.2786885245901639,0.20691009030231644,0.5839431291496705,0.2810666666666667,0.22773333333333334,0.3396,0.20691009030231644,0.3352964271692187,1.0
53,DT,"DecisionTreeClassifier(class_weight=None, criterion='entropy', max_depth=100,
            max_features='log2', max_leaf_nodes=None,
            min_impurity_split=1e-07, min_samples_leaf=1,
            min_samples_split=10, min_weight_fraction_leaf=0.0,
            presort=False, random_state=None, splitter='best')","{'criterion': 'gini', 'max_depth': 50, 'max_features': 'log2', 'min_samples_split': 2}",0.37564992904663086,0.011875152587890625,0.8968533333333333,0.2334522393975426,0.23569427771108442,0.23125245386729484,0.5883038225620627,0.3141333333333333,0.476,0.3396,0.23125245386729484,0.7008244994110718,1.0
54,DT,"DecisionTreeClassifier(class_weight=None, criterion='entropy', max_depth=100,
            max_features='log2', max_leaf_nodes=None,
            min_impurity_split=1e-07, min_samples_leaf=1,
            min_samples_split=10, min_weight_fraction_leaf=0.0,
            presort=False, random_state=None, splitter='best')","{'criterion': 'gini', 'max_depth': 50, 'max_features': 'log2', 'min_samples_split': 5}",0.419140100479126,0.01129603385925293,0.9046133333333334,0.23812566560170392,0.2602420856610801,0.2194738908519827,0.5870064215796833,0.2896,0.20773333333333333,0.3396,0.21319199057714958,0.3058500196309384,1.0
55,DT,"DecisionTreeClassifier(class_weight=None, criterion='entropy', max_depth=100,
            max_features='log2', max_leaf_nodes=None,
            min_impurity_split=1e-07, min_samples_leaf=1,
            min_samples_split=10, min_weight_fraction_leaf=0.0,
            presort=False, random_state=None, splitter='best')","{'criterion': 'gini', 'max_depth': 50, 'max_features': 'log2', 'min_samples_split': 10}",0.4194018840789795,0.01088094711303711,0.91072,0.23666210670314636,0.2822185970636215,0.2037691401648999,0.5830020707261716,0.296,0.2312,0.3396,0.21790341578327443,0.3404004711425206,1.0
56,DT,"DecisionTreeClassifier(class_weight=None, criterion='entropy', max_depth=100,
            max_features='log2', max_leaf_nodes=None,
            min_impurity_split=1e-07, min_samples_leaf=1,
            min_samples_split=10, min_weight_fraction_leaf=0.0,
            presort=False, random_state=None, splitter='best')","{'criterion': 'gini', 'max_depth': 100, 'max_features': 'sqrt', 'min_samples_split': 2}",0.43445801734924316,0.012246847152709961,0.8964533333333333,0.23427331887201736,0.2353407290015848,0.2332155477031802,0.5889992710049102,0.3168,0.47013333333333335,0.3396,0.2332155477031802,0.6921868865331763,1.0
57,DT,"DecisionTreeClassifier(class_weight=None, criterion='entropy', max_depth=100,
            max_features='log2', max_leaf_nodes=None,
            min_impurity_split=1e-07, min_samples_leaf=1,
            min_samples_split=10, min_weight_fraction_leaf=0.0,
            presort=False, random_state=None, splitter='best')","{'criterion': 'gini', 'max_depth': 100, 'max_features': 'sqrt', 'min_samples_split': 5}",0.36431288719177246,0.011289119720458984,0.9040266666666666,0.22950117747805612,0.2523540489642185,0.21044365920691008,0.5825056106809019,0.28586666666666666,0.21013333333333334,0.3396,0.21044365920691008,0.309383588535532,1.0
58,DT,"DecisionTreeClassifier(class_weight=None, criterion='entropy', max_depth=100,
            max_features='log2', max_leaf_nodes=None,
            min_impurity_split=1e-07, min_samples_leaf=1,
            min_samples_split=10, min_weight_fraction_leaf=0.0,
            presort=False, random_state=None, splitter='best')","{'criterion': 'gini', 'max_depth': 100, 'max_features': 'sqrt', 'min_samples_split': 10}",0.3985409736633301,0.010664939880371094,0.9104266666666667,0.24124689405918226,0.28404255319148936,0.20965842167255594,0.5855747834623758,0.2848,0.2208,0.3396,0.20965842167255594,0.3250883392226148,1.0
59,DT,"DecisionTreeClassifier(class_weight=None, criterion='entropy', max_depth=100,
            max_features='log2', max_leaf_nodes=None,
            min_impurity_split=1e-07, min_samples_leaf=1,
            min_samples_split=10, min_weight_fraction_leaf=0.0,
            presort=False, random_state=None, splitter='best')","{'criterion': 'gini', 'max_depth': 100, 'max_features': 'log2', 'min_samples_split': 2}",0.3671448230743408,0.01143026351928711,0.8933066666666667,0.21779081133919842,0.21690031152647976,0.21868865331762857,0.5805771249879992,0.29706666666666665,0.4493333333333333,0.3396,0.21868865331762857,0.6615626226933647,1.0
60,DT,"DecisionTreeClassifier(class_weight=None, criterion='entropy', max_depth=100,
            max_features='log2', max_leaf_nodes=None,
            min_impurity_split=1e-07, min_samples_leaf=1,
            min_samples_split=10, min_weight_fraction_leaf=0.0,
            presort=False, random_state=None, splitter='best')","{'criterion': 'gini', 'max_depth': 100, 'max_features': 'log2', 'min_samples_split': 5}",0.5250000953674316,0.013042211532592773,0.9038933333333333,0.228925973470261,0.25152797367183827,0.21005104043973302,0.5822520816022944,0.2853333333333333,0.21306666666666665,0.3396,0.21005104043973302,0.31370239497447977,1.0
61,DT,"DecisionTreeClassifier(class_weight=None, criterion='entropy', max_depth=100,
            max_features='log2', max_leaf_nodes=None,
            min_impurity_split=1e-07, min_samples_leaf=1,
            min_samples_split=10, min_weight_fraction_leaf=0.0,
            presort=False, random_state=None, splitter='best')","{'criterion': 'gini', 'max_depth': 100, 'max_features': 'log2', 'min_samples_split': 10}",0.4389607906341553,0.011193037033081055,0.9095733333333333,0.23263181715320208,0.2745726495726496,0.20180604632901453,0.5814769367055481,0.27573333333333333,0.2184,0.3396,0.20298390263054575,0.3215547703180212,1.0
62,DT,"DecisionTreeClassifier(class_weight=None, criterion='entropy', max_depth=100,
            max_features='log2', max_leaf_nodes=None,
            min_impurity_split=1e-07, min_samples_leaf=1,
            min_samples_split=10, min_weight_fraction_leaf=0.0,
            presort=False, random_state=None, splitter='best')","{'criterion': 'entropy', 'max_depth': 1, 'max_features': 'sqrt', 'min_samples_split': 2}",0.057804107666015625,0.0024650096893310547,0.93208,0.0,0.0,0.0,0.5,0.8469333333333333,0.42346666666666666,0.21173333333333333,0.6234786022771889,0.6234786022771889,0.6234786022771889
63,DT,"DecisionTreeClassifier(class_weight=None, criterion='entropy', max_depth=100,
            max_features='log2', max_leaf_nodes=None,
            min_impurity_split=1e-07, min_samples_leaf=1,
            min_samples_split=10, min_weight_fraction_leaf=0.0,
            presort=False, random_state=None, splitter='best')","{'criterion': 'entropy', 'max_depth': 1, 'max_features': 'sqrt', 'min_samples_split': 5}",0.025010108947753906,0.002199888229370117,0.93208,0.0,0.0,0.0,0.5,0.464,0.6725333333333333,0.3396,0.3415783274440518,0.9901845308205732,1.0
64,DT,"DecisionTreeClassifier(class_weight=None, criterion='entropy', max_depth=100,
            max_features='log2', max_leaf_nodes=None,
            min_impurity_split=1e-07, min_samples_leaf=1,
            min_samples_split=10, min_weight_fraction_leaf=0.0,
            presort=False, random_state=None, splitter='best')","{'criterion': 'entropy', 'max_depth': 1, 'max_features': 'sqrt', 'min_samples_split': 10}",0.062497615814208984,0.004421234130859375,0.93208,0.0,0.0,0.0,0.5,0.464,0.6725333333333333,0.3396,0.3415783274440518,0.9901845308205732,1.0
65,DT,"DecisionTreeClassifier(class_weight=None, criterion='entropy', max_depth=100,
            max_features='log2', max_leaf_nodes=None,
            min_impurity_split=1e-07, min_samples_leaf=1,
            min_samples_split=10, min_weight_fraction_leaf=0.0,
            presort=False, random_state=None, splitter='best')","{'criterion': 'entropy', 'max_depth': 1, 'max_features': 'log2', 'min_samples_split': 2}",0.0708627700805664,0.002565145492553711,0.93208,0.0,0.0,0.0,0.5,0.9509333333333333,0.47546666666666665,0.23773333333333332,0.7000392618767177,0.7000392618767177,0.7000392618767177
66,DT,"DecisionTreeClassifier(class_weight=None, criterion='entropy', max_depth=100,
            max_features='log2', max_leaf_nodes=None,
            min_impurity_split=1e-07, min_samples_leaf=1,
            min_samples_split=10, min_weight_fraction_leaf=0.0,
            presort=False, random_state=None, splitter='best')","{'criterion': 'entropy', 'max_depth': 1, 'max_features': 'log2', 'min_samples_split': 5}",0.05658221244812012,0.0023179054260253906,0.93208,0.0,0.0,0.0,0.5,0.9509333333333333,0.47546666666666665,0.23773333333333332,0.7000392618767177,0.7000392618767177,0.7000392618767177
67,DT,"DecisionTreeClassifier(class_weight=None, criterion='entropy', max_depth=100,
            max_features='log2', max_leaf_nodes=None,
            min_impurity_split=1e-07, min_samples_leaf=1,
            min_samples_split=10, min_weight_fraction_leaf=0.0,
            presort=False, random_state=None, splitter='best')","{'criterion': 'entropy', 'max_depth': 1, 'max_features': 'log2', 'min_samples_split': 10}",0.03464913368225098,0.002396821975708008,0.93208,0.0,0.0,0.0,0.5,1.0,0.5290666666666667,0.26453333333333334,0.7361601884570083,0.778955634079309,0.778955634079309
68,DT,"DecisionTreeClassifier(class_weight=None, criterion='entropy', max_depth=100,
            max_features='log2', max_leaf_nodes=None,
            min_impurity_split=1e-07, min_samples_leaf=1,
            min_samples_split=10, min_weight_fraction_leaf=0.0,
            presort=False, random_state=None, splitter='best')","{'criterion': 'entropy', 'max_depth': 5, 'max_features': 'sqrt', 'min_samples_split': 2}",0.17147111892700195,0.004080057144165039,0.9319733333333333,0.031878557874762806,0.4772727272727273,0.016489988221436984,0.5075869676179997,0.4730666666666667,0.2890666666666667,0.2690666666666667,0.34825284648606203,0.42559874361994504,0.7923046721633294
69,DT,"DecisionTreeClassifier(class_weight=None, criterion='entropy', max_depth=100,
            max_features='log2', max_leaf_nodes=None,
            min_impurity_split=1e-07, min_samples_leaf=1,
            min_samples_split=10, min_weight_fraction_leaf=0.0,
            presort=False, random_state=None, splitter='best')","{'criterion': 'entropy', 'max_depth': 5, 'max_features': 'sqrt', 'min_samples_split': 5}",0.12735581398010254,0.0035130977630615234,0.9333333333333333,0.10968660968660969,0.5900383141762452,0.060463290145268946,0.5287010182308755,0.4693333333333333,0.45786666666666664,0.22893333333333332,0.34550451511582253,0.6741264232430311,0.6741264232430311
70,DT,"DecisionTreeClassifier(class_weight=None, criterion='entropy', max_depth=100,
            max_features='log2', max_leaf_nodes=None,
            min_impurity_split=1e-07, min_samples_leaf=1,
            min_samples_split=10, min_weight_fraction_leaf=0.0,
            presort=False, random_state=None, splitter='best')","{'criterion': 'entropy', 'max_depth': 5, 'max_features': 'sqrt', 'min_samples_split': 10}",0.20288467407226562,0.0033028125762939453,0.93432,0.23769730733519034,0.5614035087719298,0.15076560659599528,0.5710913261715708,0.45866666666666667,0.39466666666666667,0.23693333333333333,0.3376521397722811,0.5810757754220651,0.6976835492736553
71,DT,"DecisionTreeClassifier(class_weight=None, criterion='entropy', max_depth=100,
            max_features='log2', max_leaf_nodes=None,
            min_impurity_split=1e-07, min_samples_leaf=1,
            min_samples_split=10, min_weight_fraction_leaf=0.0,
            presort=False, random_state=None, splitter='best')","{'criterion': 'entropy', 'max_depth': 5, 'max_features': 'log2', 'min_samples_split': 2}",0.21558237075805664,0.005511283874511719,0.93376,0.22423485321673953,0.5480916030534351,0.1409501374165685,0.5662408112768764,0.44,0.33466666666666667,0.22173333333333334,0.32391048292108365,0.49273655280722417,0.6529250098154692
72,DT,"DecisionTreeClassifier(class_weight=None, criterion='entropy', max_depth=100,
            max_features='log2', max_leaf_nodes=None,
            min_impurity_split=1e-07, min_samples_leaf=1,
            min_samples_split=10, min_weight_fraction_leaf=0.0,
            presort=False, random_state=None, splitter='best')","{'criterion': 'entropy', 'max_depth': 5, 'max_features': 'log2', 'min_samples_split': 5}",0.15980005264282227,0.0035181045532226562,0.9340266666666667,0.17423230974632845,0.5812917594654788,0.10247349823321555,0.5485474234507136,0.47146666666666665,0.3658666666666667,0.23813333333333334,0.3470749901845308,0.5386729485669415,0.7012171181782489
73,DT,"DecisionTreeClassifier(class_weight=None, criterion='entropy', max_depth=100,
            max_features='log2', max_leaf_nodes=None,
            min_impurity_split=1e-07, min_samples_leaf=1,
            min_samples_split=10, min_weight_fraction_leaf=0.0,
            presort=False, random_state=None, splitter='best')","{'criterion': 'entropy', 'max_depth': 5, 'max_features': 'log2', 'min_samples_split': 10}",0.2197859287261963,0.003427267074584961,0.9318666666666666,0.0484171322160149,0.47101449275362317,0.025520219866509618,0.5117158504991576,0.5722666666666667,0.3472,0.2208,0.42127993718099727,0.5111896348645465,0.6501766784452296
74,DT,"DecisionTreeClassifier(class_weight=None, criterion='entropy', max_depth=100,
            max_features='log2', max_leaf_nodes=None,
            min_impurity_split=1e-07, min_samples_leaf=1,
            min_samples_split=10, min_weight_fraction_leaf=0.0,
            presort=False, random_state=None, splitter='best')","{'criterion': 'entropy', 'max_depth': 10, 'max_features': 'sqrt', 'min_samples_split': 2}",0.3142569065093994,0.0052433013916015625,0.93288,0.23518687329079307,0.5201612903225806,0.1519434628975265,0.5708648736683153,0.4432,0.30506666666666665,0.21746666666666667,0.32626619552414604,0.4491558696505693,0.6403612092658029
75,DT,"DecisionTreeClassifier(class_weight=None, criterion='entropy', max_depth=100,
            max_features='log2', max_leaf_nodes=None,
            min_impurity_split=1e-07, min_samples_leaf=1,
            min_samples_split=10, min_weight_fraction_leaf=0.0,
            presort=False, random_state=None, splitter='best')","{'criterion': 'entropy', 'max_depth': 10, 'max_features': 'sqrt', 'min_samples_split': 5}",0.3664219379425049,0.006134033203125,0.9328533333333333,0.20467466835123183,0.5234248788368336,0.127208480565371,0.5593842877750324,0.4128,0.3122666666666667,0.2116,0.303886925795053,0.4597565763643502,0.6230859835100118
76,DT,"DecisionTreeClassifier(class_weight=None, criterion='entropy', max_depth=100,
            max_features='log2', max_leaf_nodes=None,
            min_impurity_split=1e-07, min_samples_leaf=1,
            min_samples_split=10, min_weight_fraction_leaf=0.0,
            presort=False, random_state=None, splitter='best')","{'criterion': 'entropy', 'max_depth': 10, 'max_features': 'sqrt', 'min_samples_split': 10}",0.342756986618042,0.005429983139038086,0.9332533333333334,0.2552811663195477,0.527027027027027,0.1684334511189635,0.5787093299139006,0.4362666666666667,0.3101333333333333,0.21613333333333334,0.32116215155084415,0.45661562622693364,0.6364350215940322
77,DT,"DecisionTreeClassifier(class_weight=None, criterion='entropy', max_depth=100,
            max_features='log2', max_leaf_nodes=None,
            min_impurity_split=1e-07, min_samples_leaf=1,
            min_samples_split=10, min_weight_fraction_leaf=0.0,
            presort=False, random_state=None, splitter='best')","{'criterion': 'entropy', 'max_depth': 10, 'max_features': 'log2', 'min_samples_split': 2}",0.2422318458557129,0.005650043487548828,0.9320533333333333,0.19722747321991177,0.49920255183413076,0.12288967412642324,0.5569530910042181,0.42506666666666665,0.30533333333333335,0.20693333333333333,0.31291715744012566,0.44954848841774636,0.6093443266588143
78,DT,"DecisionTreeClassifier(class_weight=None, criterion='entropy', max_depth=100,
            max_features='log2', max_leaf_nodes=None,
            min_impurity_split=1e-07, min_samples_leaf=1,
            min_samples_split=10, min_weight_fraction_leaf=0.0,
            presort=False, random_state=None, splitter='best')","{'criterion': 'entropy', 'max_depth': 10, 'max_features': 'log2', 'min_samples_split': 5}",0.3544199466705322,0.005135774612426758,0.93248,0.19001919385796545,0.5129533678756477,0.1166077738515901,0.5542698984269537,0.4336,0.308,0.2176,0.31919905771495877,0.4534746760895171,0.64075382803298
79,DT,"DecisionTreeClassifier(class_weight=None, criterion='entropy', max_depth=100,
            max_features='log2', max_leaf_nodes=None,
            min_impurity_split=1e-07, min_samples_leaf=1,
            min_samples_split=10, min_weight_fraction_leaf=0.0,
            presort=False, random_state=None, splitter='best')","{'criterion': 'entropy', 'max_depth': 10, 'max_features': 'log2', 'min_samples_split': 10}",0.2881600856781006,0.005320072174072266,0.9329333333333333,0.22734254992319508,0.5225988700564972,0.14526894385551628,0.5677994076986504,0.4298666666666667,0.3221333333333333,0.2212,0.31645072634471927,0.47428347074990185,0.6513545347467609
80,DT,"DecisionTreeClassifier(class_weight=None, criterion='entropy', max_depth=100,
            max_features='log2', max_leaf_nodes=None,
            min_impurity_split=1e-07, min_samples_leaf=1,
            min_samples_split=10, min_weight_fraction_leaf=0.0,
            presort=False, random_state=None, splitter='best')","{'criterion': 'entropy', 'max_depth': 20, 'max_features': 'sqrt', 'min_samples_split': 2}",0.47693896293640137,0.009372949600219727,0.9161333333333334,0.23572296476306198,0.3093112244897959,0.19042010208087948,0.5797178186140386,0.3178666666666667,0.25626666666666664,0.16853333333333334,0.23400078523753434,0.3773066352571653,0.49627012171181784
81,DT,"DecisionTreeClassifier(class_weight=None, criterion='entropy', max_depth=100,
            max_features='log2', max_leaf_nodes=None,
            min_impurity_split=1e-07, min_samples_leaf=1,
            min_samples_split=10, min_weight_fraction_leaf=0.0,
            presort=False, random_state=None, splitter='best')","{'criterion': 'entropy', 'max_depth': 20, 'max_features': 'sqrt', 'min_samples_split': 5}",0.4924509525299072,0.008993864059448242,0.92,0.23547400611620797,0.3355119825708061,0.18138987043580684,0.5776059299823013,0.3264,0.2677333333333333,0.18386666666666668,0.24028268551236748,0.39418924224577934,0.541421279937181
82,DT,"DecisionTreeClassifier(class_weight=None, criterion='entropy', max_depth=100,
            max_features='log2', max_leaf_nodes=None,
            min_impurity_split=1e-07, min_samples_leaf=1,
            min_samples_split=10, min_weight_fraction_leaf=0.0,
            presort=False, random_state=None, splitter='best')","{'criterion': 'entropy', 'max_depth': 20, 'max_features': 'sqrt', 'min_samples_split': 10}",0.48241496086120605,0.008442878723144531,0.9201066666666666,0.2341513292433538,0.3355311355311355,0.17981939536709854,0.5769351318379852,0.32426666666666665,0.25333333333333335,0.1832,0.2387122104436592,0.3729878288182175,0.5394581861012956
83,DT,"DecisionTreeClassifier(class_weight=None, criterion='entropy', max_depth=100,
            max_features='log2', max_leaf_nodes=None,
            min_impurity_split=1e-07, min_samples_leaf=1,
            min_samples_split=10, min_weight_fraction_leaf=0.0,
            presort=False, random_state=None, splitter='best')","{'criterion': 'entropy', 'max_depth': 20, 'max_features': 'log2', 'min_samples_split': 2}",0.44437098503112793,0.009765148162841797,0.9128533333333333,0.21480057664584332,0.27678018575851393,0.17550058892815076,0.5710421435185199,0.2890666666666667,0.2472,0.17133333333333334,0.21279937180997252,0.36395759717314485,0.5045151158225363
84,DT,"DecisionTreeClassifier(class_weight=None, criterion='entropy', max_depth=100,
            max_features='log2', max_leaf_nodes=None,
            min_impurity_split=1e-07, min_samples_leaf=1,
            min_samples_split=10, min_weight_fraction_leaf=0.0,
            presort=False, random_state=None, splitter='best')","{'criterion': 'entropy', 'max_depth': 20, 'max_features': 'log2', 'min_samples_split': 5}",0.44259214401245117,0.009439229965209961,0.9180266666666667,0.24434611602753195,0.326758711374096,0.1951315272870043,0.5829175217186315,0.3082666666666667,0.24213333333333334,0.16933333333333334,0.22693364742834707,0.3564978405967805,0.4986258343148803
85,DT,"DecisionTreeClassifier(class_weight=None, criterion='entropy', max_depth=100,
            max_features='log2', max_leaf_nodes=None,
            min_impurity_split=1e-07, min_samples_leaf=1,
            min_samples_split=10, min_weight_fraction_leaf=0.0,
            presort=False, random_state=None, splitter='best')","{'criterion': 'entropy', 'max_depth': 20, 'max_features': 'log2', 'min_samples_split': 10}",0.4732637405395508,0.009046077728271484,0.92016,0.23855544252288907,0.3386281588447653,0.18413820180604634,0.5789657907436664,0.3152,0.2544,0.18346666666666667,0.232037691401649,0.3745583038869258,0.5402434236356498
86,DT,"DecisionTreeClassifier(class_weight=None, criterion='entropy', max_depth=100,
            max_features='log2', max_leaf_nodes=None,
            min_impurity_split=1e-07, min_samples_leaf=1,
            min_samples_split=10, min_weight_fraction_leaf=0.0,
            presort=False, random_state=None, splitter='best')","{'criterion': 'entropy', 'max_depth': 50, 'max_features': 'sqrt', 'min_samples_split': 2}",0.5561099052429199,0.012153148651123047,0.89648,0.22730891719745222,0.23052079127977393,0.22418531605810757,0.5848274733524881,0.3045333333333333,0.472,0.3396,0.22418531605810757,0.6949352179034158,1.0
87,DT,"DecisionTreeClassifier(class_weight=None, criterion='entropy', max_depth=100,
            max_features='log2', max_leaf_nodes=None,
            min_impurity_split=1e-07, min_samples_leaf=1,
            min_samples_split=10, min_weight_fraction_leaf=0.0,
            presort=False, random_state=None, splitter='best')","{'criterion': 'entropy', 'max_depth': 50, 'max_features': 'sqrt', 'min_samples_split': 5}",0.5077450275421143,0.01761913299560547,0.9031466666666667,0.23729525409491808,0.255079006772009,0.22182960345504515,0.5873116775321745,0.27786666666666665,0.2416,0.3396,0.20455437769925403,0.35571260306242636,1.0
88,DT,"DecisionTreeClassifier(class_weight=None, criterion='entropy', max_depth=100,
            max_features='log2', max_leaf_nodes=None,
            min_impurity_split=1e-07, min_samples_leaf=1,
            min_samples_split=10, min_weight_fraction_leaf=0.0,
            presort=False, random_state=None, splitter='best')","{'criterion': 'entropy', 'max_depth': 50, 'max_features': 'sqrt', 'min_samples_split': 10}",0.5708999633789062,0.011965274810791016,0.9078133333333334,0.23904908650671364,0.2720440881763527,0.21319199057714958,0.5858109410729138,0.272,0.2104,0.3396,0.20023557126030625,0.30977620730270905,1.0
89,DT,"DecisionTreeClassifier(class_weight=None, criterion='entropy', max_depth=100,
            max_features='log2', max_leaf_nodes=None,
            min_impurity_split=1e-07, min_samples_leaf=1,
            min_samples_split=10, min_weight_fraction_leaf=0.0,
            presort=False, random_state=None, splitter='best')","{'criterion': 'entropy', 'max_depth': 50, 'max_features': 'log2', 'min_samples_split': 2}",0.6077430248260498,0.012260198593139648,0.8974133333333333,0.23013808284970982,0.23469387755102042,0.22575579112681587,0.5860561635232397,0.30666666666666664,0.48586666666666667,0.3396,0.22575579112681587,0.7153513937966235,1.0
90,DT,"DecisionTreeClassifier(class_weight=None, criterion='entropy', max_depth=100,
            max_features='log2', max_leaf_nodes=None,
            min_impurity_split=1e-07, min_samples_leaf=1,
            min_samples_split=10, min_weight_fraction_leaf=0.0,
            presort=False, random_state=None, splitter='best')","{'criterion': 'entropy', 'max_depth': 50, 'max_features': 'log2', 'min_samples_split': 5}",0.4656200408935547,0.012310028076171875,0.90272,0.232,0.25011348161597824,0.21633294071456616,0.5845347363144255,0.2576,0.2688,0.3396,0.1896348645465253,0.3957597173144876,1.0
91,DT,"DecisionTreeClassifier(class_weight=None, criterion='entropy', max_depth=100,
            max_features='log2', max_leaf_nodes=None,
            min_impurity_split=1e-07, min_samples_leaf=1,
            min_samples_split=10, min_weight_fraction_leaf=0.0,
            presort=False, random_state=None, splitter='best')","{'criterion': 'entropy', 'max_depth': 50, 'max_features': 'log2', 'min_samples_split': 10}",0.5423486232757568,0.011440038681030273,0.9086133333333334,0.24198186241981862,0.27710233029381964,0.21476246564585788,0.5869681066248915,0.28053333333333336,0.2232,0.3396,0.20651747153513939,0.3286219081272085,1.0
92,DT,"DecisionTreeClassifier(class_weight=None, criterion='entropy', max_depth=100,
            max_features='log2', max_leaf_nodes=None,
            min_impurity_split=1e-07, min_samples_leaf=1,
            min_samples_split=10, min_weight_fraction_leaf=0.0,
            presort=False, random_state=None, splitter='best')","{'criterion': 'entropy', 'max_depth': 100, 'max_features': 'sqrt', 'min_samples_split': 2}",0.7172591686248779,0.012137174606323242,0.8972533333333333,0.23353888999403222,0.23669354838709677,0.2304672163329407,0.5881543874987165,0.31306666666666666,0.48,0.3396,0.2304672163329407,0.7067137809187279,1.0
93,DT,"DecisionTreeClassifier(class_weight=None, criterion='entropy', max_depth=100,
            max_features='log2', max_leaf_nodes=None,
            min_impurity_split=1e-07, min_samples_leaf=1,
            min_samples_split=10, min_weight_fraction_leaf=0.0,
            presort=False, random_state=None, splitter='best')","{'criterion': 'entropy', 'max_depth': 100, 'max_features': 'sqrt', 'min_samples_split': 5}",0.7327940464019775,0.013336181640625,0.9024533333333333,0.2356874216464689,0.2518981688253685,0.22143698468786807,0.5867577450547171,0.27573333333333333,0.26,0.3396,0.20298390263054575,0.3828032979976443,1.0
94,DT,"DecisionTreeClassifier(class_weight=None, criterion='entropy', max_depth=100,
            max_features='log2', max_leaf_nodes=None,
            min_impurity_split=1e-07, min_samples_leaf=1,
            min_samples_split=10, min_weight_fraction_leaf=0.0,
            presort=False, random_state=None, splitter='best')","{'criterion': 'entropy', 'max_depth': 100, 'max_features': 'sqrt', 'min_samples_split': 10}",0.6972229480743408,0.013628005981445312,0.90936,0.23116941868355573,0.2726787620064034,0.2006281900274833,0.5808164839360087,0.2730666666666667,0.21786666666666665,0.3396,0.2010208087946604,0.32076953278366704,1.0
95,DT,"DecisionTreeClassifier(class_weight=None, criterion='entropy', max_depth=100,
            max_features='log2', max_leaf_nodes=None,
            min_impurity_split=1e-07, min_samples_leaf=1,
            min_samples_split=10, min_weight_fraction_leaf=0.0,
            presort=False, random_state=None, splitter='best')","{'criterion': 'entropy', 'max_depth': 100, 'max_features': 'log2', 'min_samples_split': 2}",0.5633668899536133,0.012650012969970703,0.8954666666666666,0.22712933753943215,0.22811881188118813,0.22614840989399293,0.5851939085489762,0.3072,0.46453333333333335,0.3396,0.22614840989399293,0.6839418924224578,1.0
96,DT,"DecisionTreeClassifier(class_weight=None, criterion='entropy', max_depth=100,
            max_features='log2', max_leaf_nodes=None,
            min_impurity_split=1e-07, min_samples_leaf=1,
            min_samples_split=10, min_weight_fraction_leaf=0.0,
            presort=False, random_state=None, splitter='best')","{'criterion': 'entropy', 'max_depth': 100, 'max_features': 'log2', 'min_samples_split': 5}",0.5028817653656006,0.012242317199707031,0.9060266666666666,0.24604193410355157,0.27033380347907854,0.22575579112681587,0.5906766538960261,0.28,0.2712,0.3396,0.2061248527679623,0.3992932862190813,1.0
97,DT,"DecisionTreeClassifier(class_weight=None, criterion='entropy', max_depth=100,
            max_features='log2', max_leaf_nodes=None,
            min_impurity_split=1e-07, min_samples_leaf=1,
            min_samples_split=10, min_weight_fraction_leaf=0.0,
            presort=False, random_state=None, splitter='best')","{'criterion': 'entropy', 'max_depth': 100, 'max_features': 'log2', 'min_samples_split': 10}",0.941370964050293,0.021516084671020508,0.9076,0.23795909390807124,0.2705,0.21240675304279544,0.5853324927632081,0.272,0.21866666666666668,0.3396,0.20023557126030625,0.32194738908519827,1.0
98,KNN,"KNeighborsClassifier(algorithm='kd_tree', leaf_size=30, metric='minkowski',
           metric_params=None, n_jobs=1, n_neighbors=100, p=2,
           weights='distance')","{'algorithm': 'auto', 'n_neighbors': 1, 'weights': 'uniform'}",0.23409700393676758,1.7994787693023682,0.8942933333333334,0.1412478336221837,0.15756404059932336,0.12799371809972518,0.5390633769453222,0.17386666666666667,0.5352,0.3396,0.12799371809972518,0.7879858657243817,1.0
99,KNN,"KNeighborsClassifier(algorithm='kd_tree', leaf_size=30, metric='minkowski',
           metric_params=None, n_jobs=1, n_neighbors=100, p=2,
           weights='distance')","{'algorithm': 'auto', 'n_neighbors': 1, 'weights': 'distance'}",0.19136428833007812,1.8857269287109375,0.8942933333333334,0.1412478336221837,0.15756404059932336,0.12799371809972518,0.5390633769453222,0.17386666666666667,0.5352,0.3396,0.12799371809972518,0.7879858657243817,1.0
100,KNN,"KNeighborsClassifier(algorithm='kd_tree', leaf_size=30, metric='minkowski',
           metric_params=None, n_jobs=1, n_neighbors=100, p=2,
           weights='distance')","{'algorithm': 'auto', 'n_neighbors': 5, 'weights': 'uniform'}",0.2333219051361084,2.247504711151123,0.9301066666666666,0.05139341295693088,0.3287037037037037,0.027875932469572047,0.5118637522903464,0.39786666666666665,0.2536,0.1268,0.292893600314095,0.37338044758539457,0.37338044758539457
101,KNN,"KNeighborsClassifier(algorithm='kd_tree', leaf_size=30, metric='minkowski',
           metric_params=None, n_jobs=1, n_neighbors=100, p=2,
           weights='distance')","{'algorithm': 'auto', 'n_neighbors': 5, 'weights': 'distance'}",0.1963808536529541,2.6400439739227295,0.92312,0.07388371345968518,0.20318021201413428,0.04515115822536317,0.5161240584992864,0.15733333333333333,0.14053333333333334,0.1176,0.11582253631723596,0.20691009030231644,0.3462897526501767
102,KNN,"KNeighborsClassifier(algorithm='kd_tree', leaf_size=30, metric='minkowski',
           metric_params=None, n_jobs=1, n_neighbors=100, p=2,
           weights='distance')","{'algorithm': 'auto', 'n_neighbors': 10, 'weights': 'uniform'}",0.19780588150024414,3.174553871154785,0.9324533333333334,0.025394382454790306,0.6346153846153846,0.012956419316843345,0.5062064161070813,0.3237333333333333,0.16186666666666666,0.18813333333333335,0.23831959167648215,0.23831959167648215,0.5539850804868472
103,KNN,"KNeighborsClassifier(algorithm='kd_tree', leaf_size=30, metric='minkowski',
           metric_params=None, n_jobs=1, n_neighbors=100, p=2,
           weights='distance')","{'algorithm': 'auto', 'n_neighbors': 10, 'weights': 'distance'}",0.20093584060668945,3.035209894180298,0.9288533333333333,0.04646175839885633,0.2589641434262948,0.025520219866509618,0.5100993941148702,0.16266666666666665,0.14746666666666666,0.1196,0.11974872398900667,0.2171181782489203,0.35217903415783275
104,KNN,"KNeighborsClassifier(algorithm='kd_tree', leaf_size=30, metric='minkowski',
           metric_params=None, n_jobs=1, n_neighbors=100, p=2,
           weights='distance')","{'algorithm': 'auto', 'n_neighbors': 25, 'weights': 'uniform'}",0.20151281356811523,3.6164820194244385,0.93232,0.012451361867704281,0.6956521739130435,0.006281900274833137,0.5030408156711332,0.2581333333333333,0.20986666666666667,0.1212,0.1900274833137024,0.30899096976835494,0.3568904593639576
105,KNN,"KNeighborsClassifier(algorithm='kd_tree', leaf_size=30, metric='minkowski',
           metric_params=None, n_jobs=1, n_neighbors=100, p=2,
           weights='distance')","{'algorithm': 'auto', 'n_neighbors': 25, 'weights': 'distance'}",0.19048810005187988,3.2933239936828613,0.9305066666666667,0.02103681442524418,0.24347826086956523,0.01099332548095799,0.5042521343738152,0.1568,0.14773333333333333,0.1232,0.1154299175500589,0.21751079701609738,0.3627797408716137
106,KNN,"KNeighborsClassifier(algorithm='kd_tree', leaf_size=30, metric='minkowski',
           metric_params=None, n_jobs=1, n_neighbors=100, p=2,
           weights='distance')","{'algorithm': 'auto', 'n_neighbors': 50, 'weights': 'uniform'}",0.24042391777038574,4.215423107147217,0.93216,0.004694835680751173,0.6666666666666666,0.002355712603062426,0.5011349415302669,0.17333333333333334,0.184,0.13346666666666668,0.1276010993325481,0.270906949352179,0.3930113859442481
107,KNN,"KNeighborsClassifier(algorithm='kd_tree', leaf_size=30, metric='minkowski',
           metric_params=None, n_jobs=1, n_neighbors=100, p=2,
           weights='distance')","{'algorithm': 'auto', 'n_neighbors': 50, 'weights': 'distance'}",0.24274110794067383,4.666668176651001,0.93104,0.012223071046600458,0.22535211267605634,0.006281900274833137,0.502354179330905,0.15626666666666666,0.14213333333333333,0.12426666666666666,0.11503729878288182,0.20926580290537888,0.36592069100903024
108,KNN,"KNeighborsClassifier(algorithm='kd_tree', leaf_size=30, metric='minkowski',
           metric_params=None, n_jobs=1, n_neighbors=100, p=2,
           weights='distance')","{'algorithm': 'auto', 'n_neighbors': 100, 'weights': 'uniform'}",0.3174290657043457,5.7109010219573975,0.9320266666666667,0.008556981719175419,0.4583333333333333,0.0043188064389477815,0.5019734392106622,0.15786666666666666,0.14106666666666667,0.12866666666666668,0.11621515508441303,0.20769532783667058,0.37887711032587357
109,KNN,"KNeighborsClassifier(algorithm='kd_tree', leaf_size=30, metric='minkowski',
           metric_params=None, n_jobs=1, n_neighbors=100, p=2,
           weights='distance')","{'algorithm': 'auto', 'n_neighbors': 100, 'weights': 'distance'}",0.2613487243652344,5.570472955703735,0.9312266666666666,0.009980806142034549,0.22413793103448276,0.005104043973301924,0.5019083004176869,0.15413333333333334,0.1448,0.12666666666666668,0.11346682371417353,0.21319199057714958,0.3729878288182175
110,KNN,"KNeighborsClassifier(algorithm='kd_tree', leaf_size=30, metric='minkowski',
           metric_params=None, n_jobs=1, n_neighbors=100, p=2,
           weights='distance')","{'algorithm': 'ball_tree', 'n_neighbors': 1, 'weights': 'uniform'}",0.3137171268463135,6.233967065811157,0.8942933333333334,0.1412478336221837,0.15756404059932336,0.12799371809972518,0.5390633769453222,0.17386666666666667,0.5352,0.3396,0.12799371809972518,0.7879858657243817,1.0
111,KNN,"KNeighborsClassifier(algorithm='kd_tree', leaf_size=30, metric='minkowski',
           metric_params=None, n_jobs=1, n_neighbors=100, p=2,
           weights='distance')","{'algorithm': 'ball_tree', 'n_neighbors': 1, 'weights': 'distance'}",0.1492760181427002,5.939901828765869,0.8942933333333334,0.1412478336221837,0.15756404059932336,0.12799371809972518,0.5390633769453222,0.17386666666666667,0.5352,0.3396,0.12799371809972518,0.7879858657243817,1.0
112,KNN,"KNeighborsClassifier(algorithm='kd_tree', leaf_size=30, metric='minkowski',
           metric_params=None, n_jobs=1, n_neighbors=100, p=2,
           weights='distance')","{'algorithm': 'ball_tree', 'n_neighbors': 5, 'weights': 'uniform'}",0.14866185188293457,4.94783091545105,0.9301333333333334,0.05141202027516292,0.3302325581395349,0.027875932469572047,0.5118780572141012,0.3984,0.2536,0.1268,0.29328621908127206,0.37338044758539457,0.37338044758539457
113,KNN,"KNeighborsClassifier(algorithm='kd_tree', leaf_size=30, metric='minkowski',
           metric_params=None, n_jobs=1, n_neighbors=100, p=2,
           weights='distance')","{'algorithm': 'ball_tree', 'n_neighbors': 5, 'weights': 'distance'}",0.1442420482635498,4.966346979141235,0.92312,0.07388371345968518,0.20318021201413428,0.04515115822536317,0.5161240584992864,0.15733333333333333,0.14053333333333334,0.1176,0.11582253631723596,0.20691009030231644,0.3462897526501767
114,KNN,"KNeighborsClassifier(algorithm='kd_tree', leaf_size=30, metric='minkowski',
           metric_params=None, n_jobs=1, n_neighbors=100, p=2,
           weights='distance')","{'algorithm': 'ball_tree', 'n_neighbors': 10, 'weights': 'uniform'}",0.14260292053222656,5.32266902923584,0.9324533333333334,0.025394382454790306,0.6346153846153846,0.012956419316843345,0.5062064161070813,0.3237333333333333,0.16186666666666666,0.18813333333333335,0.23831959167648215,0.23831959167648215,0.5539850804868472
115,KNN,"KNeighborsClassifier(algorithm='kd_tree', leaf_size=30, metric='minkowski',
           metric_params=None, n_jobs=1, n_neighbors=100, p=2,
           weights='distance')","{'algorithm': 'ball_tree', 'n_neighbors': 10, 'weights': 'distance'}",0.14724183082580566,5.310924053192139,0.9288533333333333,0.04646175839885633,0.2589641434262948,0.025520219866509618,0.5100993941148702,0.16266666666666665,0.14746666666666666,0.1196,0.11974872398900667,0.2171181782489203,0.35217903415783275
116,KNN,"KNeighborsClassifier(algorithm='kd_tree', leaf_size=30, metric='minkowski',
           metric_params=None, n_jobs=1, n_neighbors=100, p=2,
           weights='distance')","{'algorithm': 'ball_tree', 'n_neighbors': 25, 'weights': 'uniform'}",0.15000319480895996,6.017104148864746,0.93232,0.013219284603421462,0.68,0.006674519042010208,0.503222820130967,0.2581333333333333,0.20906666666666668,0.12093333333333334,0.1900274833137024,0.3078131134668237,0.35610522182960347
117,KNN,"KNeighborsClassifier(algorithm='kd_tree', leaf_size=30, metric='minkowski',
           metric_params=None, n_jobs=1, n_neighbors=100, p=2,
           weights='distance')","{'algorithm': 'ball_tree', 'n_neighbors': 25, 'weights': 'distance'}",0.13943815231323242,6.017255067825317,0.9305066666666667,0.02103681442524418,0.24347826086956523,0.01099332548095799,0.5042521343738152,0.1568,0.14773333333333333,0.1232,0.1154299175500589,0.21751079701609738,0.3627797408716137
118,KNN,"KNeighborsClassifier(algorithm='kd_tree', leaf_size=30, metric='minkowski',
           metric_params=None, n_jobs=1, n_neighbors=100, p=2,
           weights='distance')","{'algorithm': 'ball_tree', 'n_neighbors': 50, 'weights': 'uniform'}",0.15874481201171875,7.049641847610474,0.93216,0.004694835680751173,0.6666666666666666,0.002355712603062426,0.5011349415302669,0.17333333333333334,0.184,0.13346666666666668,0.1276010993325481,0.270906949352179,0.3930113859442481
119,KNN,"KNeighborsClassifier(algorithm='kd_tree', leaf_size=30, metric='minkowski',
           metric_params=None, n_jobs=1, n_neighbors=100, p=2,
           weights='distance')","{'algorithm': 'ball_tree', 'n_neighbors': 50, 'weights': 'distance'}",0.14764094352722168,7.086528062820435,0.93104,0.012223071046600458,0.22535211267605634,0.006281900274833137,0.502354179330905,0.15626666666666666,0.14213333333333333,0.12426666666666666,0.11503729878288182,0.20926580290537888,0.36592069100903024
120,KNN,"KNeighborsClassifier(algorithm='kd_tree', leaf_size=30, metric='minkowski',
           metric_params=None, n_jobs=1, n_neighbors=100, p=2,
           weights='distance')","{'algorithm': 'ball_tree', 'n_neighbors': 100, 'weights': 'uniform'}",0.14411282539367676,9.010183811187744,0.9320266666666667,0.008556981719175419,0.4583333333333333,0.0043188064389477815,0.5019734392106622,0.1584,0.14106666666666667,0.12933333333333333,0.1166077738515901,0.20769532783667058,0.38084020416175896
121,KNN,"KNeighborsClassifier(algorithm='kd_tree', leaf_size=30, metric='minkowski',
           metric_params=None, n_jobs=1, n_neighbors=100, p=2,
           weights='distance')","{'algorithm': 'ball_tree', 'n_neighbors': 100, 'weights': 'distance'}",0.14344406127929688,10.006682872772217,0.9312266666666666,0.009980806142034549,0.22413793103448276,0.005104043973301924,0.5019083004176869,0.15413333333333334,0.1448,0.12666666666666668,0.11346682371417353,0.21319199057714958,0.3729878288182175
122,KNN,"KNeighborsClassifier(algorithm='kd_tree', leaf_size=30, metric='minkowski',
           metric_params=None, n_jobs=1, n_neighbors=100, p=2,
           weights='distance')","{'algorithm': 'kd_tree', 'n_neighbors': 1, 'weights': 'uniform'}",0.31891679763793945,1.6302518844604492,0.8942933333333334,0.1412478336221837,0.15756404059932336,0.12799371809972518,0.5390633769453222,0.17386666666666667,0.5352,0.3396,0.12799371809972518,0.7879858657243817,1.0
123,KNN,"KNeighborsClassifier(algorithm='kd_tree', leaf_size=30, metric='minkowski',
           metric_params=None, n_jobs=1, n_neighbors=100, p=2,
           weights='distance')","{'algorithm': 'kd_tree', 'n_neighbors': 1, 'weights': 'distance'}",0.19533681869506836,2.099799871444702,0.8942933333333334,0.1412478336221837,0.15756404059932336,0.12799371809972518,0.5390633769453222,0.17386666666666667,0.5352,0.3396,0.12799371809972518,0.7879858657243817,1.0
124,KNN,"KNeighborsClassifier(algorithm='kd_tree', leaf_size=30, metric='minkowski',
           metric_params=None, n_jobs=1, n_neighbors=100, p=2,
           weights='distance')","{'algorithm': 'kd_tree', 'n_neighbors': 5, 'weights': 'uniform'}",0.23064517974853516,2.64184308052063,0.9301066666666666,0.05139341295693088,0.3287037037037037,0.027875932469572047,0.5118637522903464,0.39786666666666665,0.2536,0.1268,0.292893600314095,0.37338044758539457,0.37338044758539457
125,KNN,"KNeighborsClassifier(algorithm='kd_tree', leaf_size=30, metric='minkowski',
           metric_params=None, n_jobs=1, n_neighbors=100, p=2,
           weights='distance')","{'algorithm': 'kd_tree', 'n_neighbors': 5, 'weights': 'distance'}",0.19447612762451172,2.4023079872131348,0.92312,0.07388371345968518,0.20318021201413428,0.04515115822536317,0.5161240584992864,0.15733333333333333,0.14053333333333334,0.1176,0.11582253631723596,0.20691009030231644,0.3462897526501767
126,KNN,"KNeighborsClassifier(algorithm='kd_tree', leaf_size=30, metric='minkowski',
           metric_params=None, n_jobs=1, n_neighbors=100, p=2,
           weights='distance')","{'algorithm': 'kd_tree', 'n_neighbors': 10, 'weights': 'uniform'}",0.1960299015045166,2.443082094192505,0.9324533333333334,0.025394382454790306,0.6346153846153846,0.012956419316843345,0.5062064161070813,0.3237333333333333,0.16186666666666666,0.18813333333333335,0.23831959167648215,0.23831959167648215,0.5539850804868472
127,KNN,"KNeighborsClassifier(algorithm='kd_tree', leaf_size=30, metric='minkowski',
           metric_params=None, n_jobs=1, n_neighbors=100, p=2,
           weights='distance')","{'algorithm': 'kd_tree', 'n_neighbors': 10, 'weights': 'distance'}",0.19988584518432617,2.4570209980010986,0.9288533333333333,0.04646175839885633,0.2589641434262948,0.025520219866509618,0.5100993941148702,0.16266666666666665,0.14746666666666666,0.1196,0.11974872398900667,0.2171181782489203,0.35217903415783275
128,KNN,"KNeighborsClassifier(algorithm='kd_tree', leaf_size=30, metric='minkowski',
           metric_params=None, n_jobs=1, n_neighbors=100, p=2,
           weights='distance')","{'algorithm': 'kd_tree', 'n_neighbors': 25, 'weights': 'uniform'}",0.19088482856750488,2.8823370933532715,0.93232,0.012451361867704281,0.6956521739130435,0.006281900274833137,0.5030408156711332,0.2581333333333333,0.20986666666666667,0.1212,0.1900274833137024,0.30899096976835494,0.3568904593639576
129,KNN,"KNeighborsClassifier(algorithm='kd_tree', leaf_size=30, metric='minkowski',
           metric_params=None, n_jobs=1, n_neighbors=100, p=2,
           weights='distance')","{'algorithm': 'kd_tree', 'n_neighbors': 25, 'weights': 'distance'}",0.1868760585784912,3.001980781555176,0.9305066666666667,0.02103681442524418,0.24347826086956523,0.01099332548095799,0.5042521343738152,0.1568,0.14773333333333333,0.1232,0.1154299175500589,0.21751079701609738,0.3627797408716137
130,KNN,"KNeighborsClassifier(algorithm='kd_tree', leaf_size=30, metric='minkowski',
           metric_params=None, n_jobs=1, n_neighbors=100, p=2,
           weights='distance')","{'algorithm': 'kd_tree', 'n_neighbors': 50, 'weights': 'uniform'}",0.20369672775268555,3.6652910709381104,0.93216,0.004694835680751173,0.6666666666666666,0.002355712603062426,0.5011349415302669,0.17333333333333334,0.184,0.13346666666666668,0.1276010993325481,0.270906949352179,0.3930113859442481
131,KNN,"KNeighborsClassifier(algorithm='kd_tree', leaf_size=30, metric='minkowski',
           metric_params=None, n_jobs=1, n_neighbors=100, p=2,
           weights='distance')","{'algorithm': 'kd_tree', 'n_neighbors': 50, 'weights': 'distance'}",0.19921493530273438,3.6015591621398926,0.93104,0.012223071046600458,0.22535211267605634,0.006281900274833137,0.502354179330905,0.15626666666666666,0.14213333333333333,0.12426666666666666,0.11503729878288182,0.20926580290537888,0.36592069100903024
132,KNN,"KNeighborsClassifier(algorithm='kd_tree', leaf_size=30, metric='minkowski',
           metric_params=None, n_jobs=1, n_neighbors=100, p=2,
           weights='distance')","{'algorithm': 'kd_tree', 'n_neighbors': 100, 'weights': 'uniform'}",0.19811391830444336,4.534995794296265,0.9320266666666667,0.008556981719175419,0.4583333333333333,0.0043188064389477815,0.5019734392106622,0.15786666666666666,0.14106666666666667,0.12866666666666668,0.11621515508441303,0.20769532783667058,0.37887711032587357
133,KNN,"KNeighborsClassifier(algorithm='kd_tree', leaf_size=30, metric='minkowski',
           metric_params=None, n_jobs=1, n_neighbors=100, p=2,
           weights='distance')","{'algorithm': 'kd_tree', 'n_neighbors': 100, 'weights': 'distance'}",0.21083903312683105,4.674964904785156,0.9312266666666666,0.009980806142034549,0.22413793103448276,0.005104043973301924,0.5019083004176869,0.15413333333333334,0.1448,0.12666666666666668,0.11346682371417353,0.21319199057714958,0.3729878288182175
134,AB,"AdaBoostClassifier(algorithm='SAMME.R',
          base_estimator=DecisionTreeClassifier(class_weight=None, criterion='gini', max_depth=1,
            max_features=None, max_leaf_nodes=None,
            min_impurity_split=1e-07, min_samples_leaf=1,
            min_samples_split=2, min_weight_fraction_leaf=0.0,
            presort=False, random_state=None, splitter='best'),
          learning_rate=1.0, n_estimators=10000, random_state=None)","{'algorithm': 'SAMME', 'n_estimators': 1}",0.0893411636352539,0.0033791065216064453,0.93208,0.0,0.0,0.0,0.5,0.464,0.6725333333333333,0.3396,0.3415783274440518,0.9901845308205732,1.0
135,AB,"AdaBoostClassifier(algorithm='SAMME.R',
          base_estimator=DecisionTreeClassifier(class_weight=None, criterion='gini', max_depth=1,
            max_features=None, max_leaf_nodes=None,
            min_impurity_split=1e-07, min_samples_leaf=1,
            min_samples_split=2, min_weight_fraction_leaf=0.0,
            presort=False, random_state=None, splitter='best'),
          learning_rate=1.0, n_estimators=10000, random_state=None)","{'algorithm': 'SAMME', 'n_estimators': 10}",0.751147985458374,0.017719030380249023,0.93208,0.0,0.0,0.0,0.5,0.4421333333333333,0.48373333333333335,0.24186666666666667,0.32548095798979193,0.7122104436592069,0.7122104436592069
136,AB,"AdaBoostClassifier(algorithm='SAMME.R',
          base_estimator=DecisionTreeClassifier(class_weight=None, criterion='gini', max_depth=1,
            max_features=None, max_leaf_nodes=None,
            min_impurity_split=1e-07, min_samples_leaf=1,
            min_samples_split=2, min_weight_fraction_leaf=0.0,
            presort=False, random_state=None, splitter='best'),
          learning_rate=1.0, n_estimators=10000, random_state=None)","{'algorithm': 'SAMME', 'n_estimators': 100}",7.980726003646851,0.11617588996887207,0.9345333333333333,0.24900581217497703,0.5637119113573407,0.1597958382410679,0.5753918681377858,0.4362666666666667,0.3312,0.22266666666666668,0.32116215155084415,0.4876325088339223,0.6556733411857086
137,AB,"AdaBoostClassifier(algorithm='SAMME.R',
          base_estimator=DecisionTreeClassifier(class_weight=None, criterion='gini', max_depth=1,
            max_features=None, max_leaf_nodes=None,
            min_impurity_split=1e-07, min_samples_leaf=1,
            min_samples_split=2, min_weight_fraction_leaf=0.0,
            presort=False, random_state=None, splitter='best'),
          learning_rate=1.0, n_estimators=10000, random_state=None)","{'algorithm': 'SAMME', 'n_estimators': 1000}",73.68099117279053,1.1090161800384521,0.9343466666666667,0.25348696179502733,0.5565912117177098,0.16411464468001571,0.577293782729674,0.4368,0.3218666666666667,0.22266666666666668,0.3215547703180212,0.4738908519827248,0.6556733411857086
138,AB,"AdaBoostClassifier(algorithm='SAMME.R',
          base_estimator=DecisionTreeClassifier(class_weight=None, criterion='gini', max_depth=1,
            max_features=None, max_leaf_nodes=None,
            min_impurity_split=1e-07, min_samples_leaf=1,
            min_samples_split=2, min_weight_fraction_leaf=0.0,
            presort=False, random_state=None, splitter='best'),
          learning_rate=1.0, n_estimators=10000, random_state=None)","{'algorithm': 'SAMME', 'n_estimators': 10000}",738.1264488697052,13.688783884048462,0.9340266666666667,0.2516636418632789,0.5480895915678524,0.16332940714566158,0.5767581147249494,0.43733333333333335,0.3218666666666667,0.22333333333333333,0.32194738908519827,0.4738908519827248,0.6576364350215941
139,AB,"AdaBoostClassifier(algorithm='SAMME.R',
          base_estimator=DecisionTreeClassifier(class_weight=None, criterion='gini', max_depth=1,
            max_features=None, max_leaf_nodes=None,
            min_impurity_split=1e-07, min_samples_leaf=1,
            min_samples_split=2, min_weight_fraction_leaf=0.0,
            presort=False, random_state=None, splitter='best'),
          learning_rate=1.0, n_estimators=10000, random_state=None)","{'algorithm': 'SAMME.R', 'n_estimators': 1}",0.12155699729919434,0.007053852081298828,0.93208,0.0,0.0,0.0,0.5,0.464,0.6725333333333333,0.3396,0.3415783274440518,0.9901845308205732,1.0
140,AB,"AdaBoostClassifier(algorithm='SAMME.R',
          base_estimator=DecisionTreeClassifier(class_weight=None, criterion='gini', max_depth=1,
            max_features=None, max_leaf_nodes=None,
            min_impurity_split=1e-07, min_samples_leaf=1,
            min_samples_split=2, min_weight_fraction_leaf=0.0,
            presort=False, random_state=None, splitter='best'),
          learning_rate=1.0, n_estimators=10000, random_state=None)","{'algorithm': 'SAMME.R', 'n_estimators': 10}",0.9088001251220703,0.043946027755737305,0.9334133333333333,0.17125788250912713,0.5536480686695279,0.10129564193168433,0.5476723968248528,0.4464,0.3112,0.21773333333333333,0.3286219081272085,0.4581861012956419,0.6411464468001571
141,AB,"AdaBoostClassifier(algorithm='SAMME.R',
          base_estimator=DecisionTreeClassifier(class_weight=None, criterion='gini', max_depth=1,
            max_features=None, max_leaf_nodes=None,
            min_impurity_split=1e-07, min_samples_leaf=1,
            min_samples_split=2, min_weight_fraction_leaf=0.0,
            presort=False, random_state=None, splitter='best'),
          learning_rate=1.0, n_estimators=10000, random_state=None)","{'algorithm': 'SAMME.R', 'n_estimators': 100}",9.2032470703125,0.4541950225830078,0.9335466666666666,0.25389221556886227,0.5346784363177806,0.16647035728307813,0.5779566617760339,0.4416,0.31866666666666665,0.22346666666666667,0.3250883392226148,0.4691794267765999,0.6580290537887711
142,AB,"AdaBoostClassifier(algorithm='SAMME.R',
          base_estimator=DecisionTreeClassifier(class_weight=None, criterion='gini', max_depth=1,
            max_features=None, max_leaf_nodes=None,
            min_impurity_split=1e-07, min_samples_leaf=1,
            min_samples_split=2, min_weight_fraction_leaf=0.0,
            presort=False, random_state=None, splitter='best'),
          learning_rate=1.0, n_estimators=10000, random_state=None)","{'algorithm': 'SAMME.R', 'n_estimators': 1000}",90.44647192955017,4.106433153152466,0.93368,0.2538253825382538,0.5381679389312977,0.16607773851590105,0.5778461819349741,0.4352,0.3218666666666667,0.22226666666666667,0.32037691401649,0.4738908519827248,0.6544954848841774
143,AB,"AdaBoostClassifier(algorithm='SAMME.R',
          base_estimator=DecisionTreeClassifier(class_weight=None, criterion='gini', max_depth=1,
            max_features=None, max_leaf_nodes=None,
            min_impurity_split=1e-07, min_samples_leaf=1,
            min_samples_split=2, min_weight_fraction_leaf=0.0,
            presort=False, random_state=None, splitter='best'),
          learning_rate=1.0, n_estimators=10000, random_state=None)","{'algorithm': 'SAMME.R', 'n_estimators': 10000}",1241.8382308483124,44.849676847457886,0.9332533333333334,0.25572405590246805,0.5269607843137255,0.16882606988614055,0.5788913343737343,0.4362666666666667,0.3157333333333333,0.21946666666666667,0.32116215155084415,0.46486062033765213,0.646250490773459
144,BAG,"BaggingClassifier(base_estimator=DecisionTreeClassifier(class_weight=None, criterion='gini', max_depth=10,
            max_features=None, max_leaf_nodes=None,
            min_impurity_split=1e-07, min_samples_leaf=1,
            min_samples_split=2, min_weight_fraction_leaf=0.0,
            presort=False, random_state=None, splitter='best'),
         bootstrap=True, bootstrap_features=False, max_features=1,
         max_samples=0.6, n_estimators=10, n_jobs=1, oob_score=False,
         random_state=None, verbose=0, warm_start=False)","{'max_samples': 0.4, 'n_estimators': 5}",0.31677675247192383,0.025079727172851562,0.93208,0.0,0.0,0.0,0.5,0.11946666666666667,0.1232,0.12,0.08794660384766392,0.18138987043580684,0.35335689045936397
145,BAG,"BaggingClassifier(base_estimator=DecisionTreeClassifier(class_weight=None, criterion='gini', max_depth=10,
            max_features=None, max_leaf_nodes=None,
            min_impurity_split=1e-07, min_samples_leaf=1,
            min_samples_split=2, min_weight_fraction_leaf=0.0,
            presort=False, random_state=None, splitter='best'),
         bootstrap=True, bootstrap_features=False, max_features=1,
         max_samples=0.6, n_estimators=10, n_jobs=1, oob_score=False,
         random_state=None, verbose=0, warm_start=False)","{'max_samples': 0.4, 'n_estimators': 10}",0.6967129707336426,0.04666495323181152,0.9321066666666666,0.0007849293563579278,1.0,0.00039261876717707107,0.5001963093835885,0.3642666666666667,0.2776,0.2068,0.2681586179819395,0.408716136631331,0.6089517078916372
146,BAG,"BaggingClassifier(base_estimator=DecisionTreeClassifier(class_weight=None, criterion='gini', max_depth=10,
            max_features=None, max_leaf_nodes=None,
            min_impurity_split=1e-07, min_samples_leaf=1,
            min_samples_split=2, min_weight_fraction_leaf=0.0,
            presort=False, random_state=None, splitter='best'),
         bootstrap=True, bootstrap_features=False, max_features=1,
         max_samples=0.6, n_estimators=10, n_jobs=1, oob_score=False,
         random_state=None, verbose=0, warm_start=False)","{'max_samples': 0.6, 'n_estimators': 5}",0.35657215118408203,0.022729158401489258,0.93208,0.0,0.0,0.0,0.5,0.4096,0.30906666666666666,0.21546666666666667,0.30153121319199055,0.45504515115822536,0.6344719277581469
147,BAG,"BaggingClassifier(base_estimator=DecisionTreeClassifier(class_weight=None, criterion='gini', max_depth=10,
            max_features=None, max_leaf_nodes=None,
            min_impurity_split=1e-07, min_samples_leaf=1,
            min_samples_split=2, min_weight_fraction_leaf=0.0,
            presort=False, random_state=None, splitter='best'),
         bootstrap=True, bootstrap_features=False, max_features=1,
         max_samples=0.6, n_estimators=10, n_jobs=1, oob_score=False,
         random_state=None, verbose=0, warm_start=False)","{'max_samples': 0.6, 'n_estimators': 10}",0.9077959060668945,0.04545116424560547,0.93208,0.0,0.0,0.0,0.5,0.344,0.2733333333333333,0.19293333333333335,0.25323910482921086,0.40243423635649783,0.5681193561052218
